Ancho,Alto,Canales
128,128,3
128,128,3
128,128,3
128,128,3
128,128,3
128,128,3
128,128,3
128,128,3
128,128,3
128,128,3
128,128,3
128,128,3
128,128,3
128,128,3
128,128,3
128,128,3
128,128,3
128,128,3
128,128,3
128,128,3
128,128,3
128,128,3
128,128,3
128,128,3
128,128,3
128,128,3
128,128,3
128,128,3
128,128,3
128,128,3
128,128,3
128,128,3
128,128,3
128,128,3
128,128,3
128,128,3
128,128,3
128,128,3
128,128,3
128,128,3
128,128,3
128,128,3
128,128,3
128,128,3
128,128,3
128,128,3
128,128,3
128,128,3
128,128,3
128,128,3
128,128,3
128,128,3
128,128,3
128,128,3
128,128,3
128,128,3
128,128,3
128,128,3
128,128,3
128,128,3
128,128,3
128,128,3
128,128,3
128,128,3
128,128,3
128,128,3
128,128,3
128,128,3
128,128,3
128,128,3
128,128,3
128,128,3
128,128,3
128,128,3
128,128,3
128,128,3
128,128,3
128,128,3
128,128,3
128,128,3
128,128,3
128,128,3
128,128,3
128,128,3
128,128,3
128,128,3
128,128,3
128,128,3
128,128,3
128,128,3
128,128,3
128,128,3
128,128,3
128,128,3
128,128,3
128,128,3
128,128,3
128,128,3
128,128,3
128,128,3
128,128,3
128,128,3
128,128,3
128,128,3
128,128,3
128,128,3
128,128,3
128,128,3
128,128,3
128,128,3
128,128,3
128,128,3
128,128,3
128,128,3
128,128,3
128,128,3
128,128,3
128,128,3
128,128,3
128,128,3
128,128,3
128,128,3
128,128,3
128,128,3
128,128,3
128,128,3
128,128,3
128,128,3
128,128,3
128,128,3
128,128,3
128,128,3
128,128,3
128,128,3
128,128,3
128,128,3
128,128,3
128,128,3
128,128,3
128,128,3
128,128,3
128,128,3
128,128,3
128,128,3
128,128,3
128,128,3
128,128,3
128,128,3
128,128,3
128,128,3
128,128,3
128,128,3
128,128,3
128,128,3
128,128,3
128,128,3
128,128,3
128,128,3
128,128,3
128,128,3
128,128,3
128,128,3
128,128,3
128,128,3
128,128,3
128,128,3
128,128,3
128,128,3
128,128,3
128,128,3
128,128,3
128,128,3
128,128,3
128,128,3
128,128,3
128,128,3
128,128,3
128,128,3
128,128,3
128,128,3
128,128,3
128,128,3
128,128,3
128,128,3
128,128,3
128,128,3
128,128,3
128,128,3
128,128,3
128,128,3
128,128,3
128,128,3
128,128,3
128,128,3
128,128,3
128,128,3
128,128,3
128,128,3
128,128,3
128,128,3
128,128,3
128,128,3
128,128,3
128,128,3
128,128,3
128,128,3
128,128,3
128,128,3
128,128,3
128,128,3
128,128,3
128,128,3
128,128,3
128,128,3
128,128,3
128,128,3
128,128,3
128,128,3
128,128,3
128,128,3
128,128,3
128,128,3
128,128,3
128,128,3
128,128,3
128,128,3
128,128,3
128,128,3
128,128,3
128,128,3
128,128,3
128,128,3
128,128,3
128,128,3
128,128,3
128,128,3
128,128,3
128,128,3
128,128,3
128,128,3
128,128,3
128,128,3
128,128,3
128,128,3
128,128,3
128,128,3
128,128,3
128,128,3
128,128,3
128,128,3
128,128,3
128,128,3
128,128,3
128,128,3
128,128,3
128,128,3
128,128,3
128,128,3
128,128,3
128,128,3
128,128,3
128,128,3
128,128,3
128,128,3
128,128,3
128,128,3
128,128,3
128,128,3
128,128,3
128,128,3
128,128,3
128,128,3
128,128,3
128,128,3
128,128,3
128,128,3
128,128,3
128,128,3
128,128,3
128,128,3
128,128,3
128,128,3
128,128,3
128,128,3
128,128,3
128,128,3
128,128,3
128,128,3
128,128,3
128,128,3
128,128,3
128,128,3
128,128,3
128,128,3
128,128,3
128,128,3
128,128,3
128,128,3
128,128,3
128,128,3
128,128,3
128,128,3
128,128,3
128,128,3
128,128,3
128,128,3
128,128,3
128,128,3
128,128,3
128,128,3
128,128,3
128,128,3
128,128,3
128,128,3
128,128,3
128,128,3
128,128,3
128,128,3
128,128,3
128,128,3
128,128,3
128,128,3
128,128,3
128,128,3
128,128,3
128,128,3
128,128,3
128,128,3
128,128,3
128,128,3
128,128,3
128,128,3
128,128,3
128,128,3
128,128,3
128,128,3
128,128,3
128,128,3
128,128,3
128,128,3
128,128,3
128,128,3
128,128,3
128,128,3
128,128,3
128,128,3
128,128,3
128,128,3
128,128,3
128,128,3
128,128,3
128,128,3
128,128,3
128,128,3
128,128,3
128,128,3
128,128,3
128,128,3
128,128,3
128,128,3
128,128,3
128,128,3
128,128,3
128,128,3
128,128,3
128,128,3
128,128,3
128,128,3
128,128,3
128,128,3
128,128,3
128,128,3
128,128,3
128,128,3
128,128,3
128,128,3
128,128,3
128,128,3
128,128,3
128,128,3
128,128,3
128,128,3
128,128,3
128,128,3
128,128,3
128,128,3
128,128,3
128,128,3
128,128,3
128,128,3
128,128,3
128,128,3
128,128,3
128,128,3
128,128,3
128,128,3
128,128,3
128,128,3
128,128,3
128,128,3
128,128,3
128,128,3
128,128,3
128,128,3
128,128,3
128,128,3
128,128,3
128,128,3
128,128,3
128,128,3
128,128,3
128,128,3
128,128,3
128,128,3
128,128,3
128,128,3
128,128,3
128,128,3
128,128,3
128,128,3
128,128,3
128,128,3
128,128,3
128,128,3
128,128,3
128,128,3
128,128,3
128,128,3
128,128,3
128,128,3
128,128,3
128,128,3
128,128,3
128,128,3
128,128,3
128,128,3
128,128,3
128,128,3
128,128,3
128,128,3
128,128,3
128,128,3
128,128,3
128,128,3
128,128,3
128,128,3
128,128,3
128,128,3
128,128,3
128,128,3
128,128,3
128,128,3
128,128,3
128,128,3
128,128,3
128,128,3
128,128,3
128,128,3
128,128,3
128,128,3
128,128,3
128,128,3
128,128,3
128,128,3
128,128,3
128,128,3
128,128,3
128,128,3
128,128,3
128,128,3
128,128,3
128,128,3
128,128,3
128,128,3
128,128,3
128,128,3
128,128,3
128,128,3
128,128,3
128,128,3
128,128,3
128,128,3
128,128,3
128,128,3
128,128,3
128,128,3
128,128,3
128,128,3
128,128,3
128,128,3
128,128,3
128,128,3
128,128,3
128,128,3
128,128,3
128,128,3
128,128,3
128,128,3
128,128,3
128,128,3
128,128,3
128,128,3
128,128,3
128,128,3
128,128,3
128,128,3
128,128,3
128,128,3
128,128,3
128,128,3
128,128,3
128,128,3
128,128,3
128,128,3
128,128,3
128,128,3
128,128,3
128,128,3
128,128,3
128,128,3
128,128,3
128,128,3
128,128,3
128,128,3
128,128,3
128,128,3
128,128,3
128,128,3
128,128,3
128,128,3
128,128,3
128,128,3
128,128,3
128,128,3
128,128,3
128,128,3
128,128,3
128,128,3
128,128,3
128,128,3
128,128,3
128,128,3
128,128,3
128,128,3
128,128,3
128,128,3
128,128,3
128,128,3
128,128,3
128,128,3
128,128,3
128,128,3
128,128,3
128,128,3
128,128,3
128,128,3
128,128,3
128,128,3
128,128,3
128,128,3
128,128,3
128,128,3
128,128,3
128,128,3
128,128,3
128,128,3
128,128,3
128,128,3
128,128,3
128,128,3
128,128,3
128,128,3
128,128,3
128,128,3
128,128,3
128,128,3
128,128,3
128,128,3
128,128,3
128,128,3
128,128,3
128,128,3
128,128,3
128,128,3
128,128,3
128,128,3
128,128,3
128,128,3
128,128,3
128,128,3
128,128,3
128,128,3
128,128,3
128,128,3
128,128,3
128,128,3
128,128,3
128,128,3
128,128,3
128,128,3
128,128,3
128,128,3
128,128,3
128,128,3
128,128,3
128,128,3
128,128,3
128,128,3
128,128,3
128,128,3
128,128,3
128,128,3
128,128,3
128,128,3
128,128,3
128,128,3
128,128,3
128,128,3
128,128,3
128,128,3
128,128,3
128,128,3
128,128,3
128,128,3
128,128,3
128,128,3
128,128,3
128,128,3
128,128,3
128,128,3
128,128,3
128,128,3
128,128,3
128,128,3
128,128,3
128,128,3
128,128,3
128,128,3
128,128,3
128,128,3
128,128,3
128,128,3
128,128,3
128,128,3
128,128,3
128,128,3
128,128,3
128,128,3
128,128,3
128,128,3
128,128,3
128,128,3
128,128,3
128,128,3
128,128,3
128,128,3
128,128,3
128,128,3
128,128,3
128,128,3
128,128,3
128,128,3
128,128,3
128,128,3
128,128,3
128,128,3
128,128,3
128,128,3
128,128,3
128,128,3
128,128,3
128,128,3
128,128,3
128,128,3
128,128,3
128,128,3
128,128,3
128,128,3
128,128,3
128,128,3
128,128,3
128,128,3
128,128,3
128,128,3
128,128,3
128,128,3
128,128,3
128,128,3
128,128,3
128,128,3
128,128,3
128,128,3
128,128,3
128,128,3
128,128,3
128,128,3
128,128,3
128,128,3
128,128,3
128,128,3
128,128,3
128,128,3
128,128,3
128,128,3
128,128,3
128,128,3
128,128,3
128,128,3
128,128,3
128,128,3
128,128,3
128,128,3
128,128,3
128,128,3
128,128,3
128,128,3
128,128,3
128,128,3
128,128,3
128,128,3
128,128,3
128,128,3
128,128,3
128,128,3
128,128,3
128,128,3
128,128,3
128,128,3
128,128,3
128,128,3
128,128,3
128,128,3
128,128,3
128,128,3
128,128,3
128,128,3
128,128,3
128,128,3
128,128,3
128,128,3
128,128,3
128,128,3
128,128,3
128,128,3
128,128,3
128,128,3
128,128,3
128,128,3
128,128,3
128,128,3
128,128,3
128,128,3
128,128,3
128,128,3
128,128,3
128,128,3
128,128,3
128,128,3
128,128,3
128,128,3
128,128,3
128,128,3
128,128,3
128,128,3
128,128,3
128,128,3
128,128,3
128,128,3
128,128,3
128,128,3
128,128,3
128,128,3
128,128,3
128,128,3
128,128,3
128,128,3
128,128,3
128,128,3
128,128,3
128,128,3
128,128,3
128,128,3
128,128,3
128,128,3
128,128,3
128,128,3
128,128,3
128,128,3
128,128,3
128,128,3
128,128,3
128,128,3
128,128,3
128,128,3
128,128,3
128,128,3
128,128,3
128,128,3
128,128,3
128,128,3
128,128,3
128,128,3
128,128,3
128,128,3
128,128,3
128,128,3
128,128,3
128,128,3
128,128,3
128,128,3
128,128,3
128,128,3
128,128,3
128,128,3
128,128,3
128,128,3
128,128,3
128,128,3
128,128,3
128,128,3
128,128,3
128,128,3
128,128,3
128,128,3
128,128,3
128,128,3
128,128,3
128,128,3
128,128,3
128,128,3
128,128,3
128,128,3
128,128,3
128,128,3
128,128,3
128,128,3
128,128,3
128,128,3
128,128,3
128,128,3
128,128,3
128,128,3
128,128,3
128,128,3
128,128,3
128,128,3
128,128,3
128,128,3
128,128,3
128,128,3
128,128,3
128,128,3
128,128,3
128,128,3
128,128,3
128,128,3
128,128,3
128,128,3
128,128,3
128,128,3
128,128,3
128,128,3
128,128,3
128,128,3
128,128,3
128,128,3
128,128,3
128,128,3
128,128,3
128,128,3
128,128,3
128,128,3
128,128,3
128,128,3
128,128,3
128,128,3
128,128,3
128,128,3
128,128,3
128,128,3
128,128,3
128,128,3
128,128,3
128,128,3
128,128,3
128,128,3
128,128,3
128,128,3
128,128,3
128,128,3
128,128,3
128,128,3
128,128,3
128,128,3
128,128,3
128,128,3
128,128,3
128,128,3
128,128,3
128,128,3
128,128,3
128,128,3
128,128,3
128,128,3
128,128,3
128,128,3
128,128,3
128,128,3
128,128,3
128,128,3
128,128,3
128,128,3
128,128,3
128,128,3
128,128,3
128,128,3
128,128,3
128,128,3
128,128,3
128,128,3
128,128,3
128,128,3
128,128,3
128,128,3
128,128,3
128,128,3
128,128,3
128,128,3
128,128,3
128,128,3
128,128,3
128,128,3
128,128,3
128,128,3
128,128,3
128,128,3
128,128,3
128,128,3
128,128,3
128,128,3
128,128,3
128,128,3
128,128,3
128,128,3
128,128,3
128,128,3
128,128,3
128,128,3
128,128,3
128,128,3
128,128,3
128,128,3
128,128,3
128,128,3
128,128,3
128,128,3
128,128,3
128,128,3
128,128,3
128,128,3
128,128,3
128,128,3
128,128,3
128,128,3
128,128,3
128,128,3
128,128,3
128,128,3
128,128,3
128,128,3
128,128,3
128,128,3
128,128,3
128,128,3
128,128,3
128,128,3
128,128,3
128,128,3
128,128,3
128,128,3
128,128,3
128,128,3
128,128,3
128,128,3
128,128,3
128,128,3
128,128,3
128,128,3
128,128,3
128,128,3
128,128,3
128,128,3
128,128,3
128,128,3
128,128,3
128,128,3
128,128,3
128,128,3
128,128,3
128,128,3
128,128,3
128,128,3
128,128,3
128,128,3
128,128,3
128,128,3
128,128,3
128,128,3
128,128,3
128,128,3
128,128,3
128,128,3
128,128,3
128,128,3
128,128,3
128,128,3
128,128,3
128,128,3
128,128,3
128,128,3
128,128,3
128,128,3
128,128,3
128,128,3
128,128,3
128,128,3
128,128,3
128,128,3
128,128,3
128,128,3
128,128,3
128,128,3
128,128,3
128,128,3
128,128,3
128,128,3
128,128,3
128,128,3
128,128,3
128,128,3
128,128,3
128,128,3
128,128,3
128,128,3
128,128,3
128,128,3
128,128,3
128,128,3
128,128,3
128,128,3
128,128,3
128,128,3
128,128,3
128,128,3
128,128,3
128,128,3
128,128,3
128,128,3
128,128,3
128,128,3
128,128,3
128,128,3
128,128,3
128,128,3
128,128,3
128,128,3
128,128,3
128,128,3
128,128,3
128,128,3
128,128,3
128,128,3
128,128,3
128,128,3
128,128,3
128,128,3
128,128,3
128,128,3
128,128,3
128,128,3
128,128,3
128,128,3
128,128,3
128,128,3
128,128,3
128,128,3
128,128,3
128,128,3
128,128,3
128,128,3
128,128,3
128,128,3
128,128,3
128,128,3
128,128,3
128,128,3
128,128,3
128,128,3
128,128,3
128,128,3
128,128,3
128,128,3
128,128,3
128,128,3
128,128,3
128,128,3
128,128,3
128,128,3
128,128,3
128,128,3
128,128,3
128,128,3
128,128,3
128,128,3
128,128,3
128,128,3
128,128,3
128,128,3
128,128,3
128,128,3
128,128,3
128,128,3
128,128,3
128,128,3
128,128,3
128,128,3
128,128,3
128,128,3
128,128,3
128,128,3
128,128,3
128,128,3
128,128,3
128,128,3
128,128,3
128,128,3
128,128,3
128,128,3
128,128,3
128,128,3
128,128,3
128,128,3
128,128,3
128,128,3
128,128,3
128,128,3
128,128,3
128,128,3
128,128,3
128,128,3
128,128,3
128,128,3
128,128,3
128,128,3
128,128,3
128,128,3
128,128,3
128,128,3
128,128,3
128,128,3
128,128,3
128,128,3
128,128,3
128,128,3
128,128,3
128,128,3
128,128,3
128,128,3
128,128,3
128,128,3
128,128,3
128,128,3
128,128,3
128,128,3
128,128,3
128,128,3
128,128,3
128,128,3
128,128,3
128,128,3
128,128,3
128,128,3
128,128,3
128,128,3
128,128,3
128,128,3
128,128,3
128,128,3
128,128,3
128,128,3
128,128,3
128,128,3
128,128,3
128,128,3
128,128,3
128,128,3
128,128,3
128,128,3
128,128,3
128,128,3
128,128,3
128,128,3
128,128,3
128,128,3
128,128,3
128,128,3
128,128,3
128,128,3
128,128,3
128,128,3
128,128,3
128,128,3
128,128,3
128,128,3
128,128,3
128,128,3
128,128,3
128,128,3
128,128,3
128,128,3
128,128,3
128,128,3
128,128,3
128,128,3
128,128,3
128,128,3
128,128,3
128,128,3
128,128,3
128,128,3
128,128,3
128,128,3
128,128,3
128,128,3
128,128,3
128,128,3
128,128,3
128,128,3
128,128,3
128,128,3
128,128,3
128,128,3
128,128,3
128,128,3
128,128,3
128,128,3
128,128,3
128,128,3
128,128,3
128,128,3
128,128,3
128,128,3
128,128,3
128,128,3
128,128,3
128,128,3
128,128,3
128,128,3
128,128,3
128,128,3
128,128,3
128,128,3
128,128,3
128,128,3
128,128,3
128,128,3
128,128,3
128,128,3
128,128,3
128,128,3
128,128,3
128,128,3
128,128,3
128,128,3
128,128,3
128,128,3
128,128,3
128,128,3
128,128,3
128,128,3
128,128,3
128,128,3
128,128,3
128,128,3
128,128,3
128,128,3
128,128,3
128,128,3
128,128,3
128,128,3
128,128,3
128,128,3
128,128,3
128,128,3
128,128,3
128,128,3
128,128,3
128,128,3
128,128,3
128,128,3
128,128,3
128,128,3
128,128,3
128,128,3
128,128,3
128,128,3
128,128,3
128,128,3
128,128,3
128,128,3
128,128,3
128,128,3
128,128,3
128,128,3
128,128,3
128,128,3
128,128,3
128,128,3
128,128,3
128,128,3
128,128,3
128,128,3
128,128,3
128,128,3
128,128,3
128,128,3
128,128,3
128,128,3
128,128,3
128,128,3
128,128,3
128,128,3
128,128,3
128,128,3
128,128,3
128,128,3
128,128,3
128,128,3
128,128,3
128,128,3
128,128,3
128,128,3
128,128,3
128,128,3
128,128,3
128,128,3
128,128,3
128,128,3
128,128,3
128,128,3
128,128,3
128,128,3
128,128,3
128,128,3
128,128,3
128,128,3
128,128,3
128,128,3
128,128,3
128,128,3
128,128,3
128,128,3
128,128,3
128,128,3
128,128,3
128,128,3
128,128,3
128,128,3
128,128,3
128,128,3
128,128,3
128,128,3
128,128,3
128,128,3
128,128,3
128,128,3
128,128,3
128,128,3
128,128,3
128,128,3
128,128,3
128,128,3
128,128,3
128,128,3
128,128,3
128,128,3
128,128,3
128,128,3
128,128,3
128,128,3
128,128,3
128,128,3
128,128,3
128,128,3
128,128,3
128,128,3
128,128,3
128,128,3
128,128,3
128,128,3
128,128,3
128,128,3
128,128,3
128,128,3
128,128,3
128,128,3
128,128,3
128,128,3
128,128,3
128,128,3
128,128,3
128,128,3
128,128,3
128,128,3
128,128,3
128,128,3
128,128,3
128,128,3
128,128,3
128,128,3
128,128,3
128,128,3
128,128,3
128,128,3
128,128,3
128,128,3
128,128,3
128,128,3
128,128,3
128,128,3
128,128,3
128,128,3
128,128,3
128,128,3
128,128,3
128,128,3
128,128,3
128,128,3
128,128,3
128,128,3
